title,year,endyear,authors,organization,type,filename,location
Upper Klamath Lake Tributary Loading: 2009 Data Summary Report,2009,NA,Jacob Kann Ph.D.,Klamath Tribes,technical report,2009UKLTributaryLoadingSummaryReport_final.pdf,Upper Klamath Lake Tributaries
Upper Klamath Lake 2009 Data Summary Report,2009,NA,Jacob Kann Ph.D.,Klamath Tribes,technical report,2009 UKL Data Summary Report_final.pdf,Upper Klamath Lake
Upper Klamath Lake Tributary Loading: 2010 Data Summary Report,2010,NA,Jacob Kann Ph.D.,Klamath Tribes,technical report,2010UKLTributaryLoadingSummaryReport_final_6-10-11.pdf,Upper Klamath Lake Tributaries
Upper Klamath Lake 2010 Data Summary Report,2010,NA,Jacob Kann Ph.D.,Klamath Tribes,technical report,20010 UKL Data Summary Report_final.pdf,Upper Klamath Lake
Upper Klamath Lake 2011 Data Summary Report,2011,NA,Jacob Kann Ph.D.,Klamath Tribes,technical report,2011UKLDataSummaryReport_7-16-12_F.pdf,Upper Klamath Lake
Upper Klamath Lake Tributary Loading: 2011 Data Summary Report,2011,NA,Jacob Kann Ph.D.,Klamath Tribes,technical report,2011UKLTributaryLoadingSummaryReport_7-25-12.pdf,Upper Klamath Lake Tributaries
Upper Klamath Lake 2012 Data Summary Report,2012,NA,Jacob Kann Ph.D.,Klamath Tribes,technical report,2012UKLDataSummaryReport_ver_8-20-13.pdf,Upper Klamath Lake
Upper Klamath Lake Tributary Loading: 2012 Data Summary Report,2012,NA,Jacob Kann Ph.D.,Klamath Tribes,technical report,2012UKLTributaryLoadingSummaryReport_ver_8-20-13.pdf,Upper Klamath Lake Tributaries
Upper Klamath Lake 2013 Data Summary Report,2013,NA,Jacob Kann Ph.D.,Klamath Tribes,technical report,2013UKLDataSummaryReport_ver_5-31-14_F.pdf,Upper Klamath Lake
Upper Klamath Lake Tributary Loading: 2013 Data Summary Report,2013,NA,Jacob Kann Ph.D.,Klamath Tribes,technical report,2013UKLTributaryLoadingSummaryReport_ver_5-30-14_F.pdf,Upper Klamath Lake Tributaries
Upper Klamath Lake 2014 Data Summary Report,2014,NA,Jacob Kann Ph.D.,Klamath Tribes,technical report,2014UKLDataSummaryReport_6-25-15.pdf,Upper Klamath Lake
Upper Klamath Lake 2015 Data Summary Report,2015,NA,Jacob Kann Ph.D.,Klamath Tribes,technical report,2015UKLDataSummaryReport_8_30_2016_F.pdf,Upper Klamath Lake
Upper Klamath Lake 2016 Data Summary Report,2016,NA,Jacob Kann Ph.D.,Klamath Tribes,technical report,UKL Data Summary Report 2016.pdf,Upper Klamath Lake
Upper Klamath Lake Tributary Loading: 2016 Data Summary Report,2016,NA,Jacob Kann Ph.D.,Klamath Tribes,technical report,UKL Tributary Loading Summary Report 2016.pdf,Upper Klamath Lake Tributaries
Upper Klamath Lake 2017 Data Summary Report,2017,NA,Jacob Kann Ph.D.,Klamath Tribes,technical report,2017UKLDataSummaryReport_ver_6-24-18.pdf,Upper Klamath Lake
Upper Klamath Lake Tributary Loading: 2017 Data Summary Report,2017,NA,Jacob Kann Ph.D.,Klamath Tribes,technical report,2017UKLTributaryLoadingSummaryReport_6-06-18_2.pdf,Upper Klamath Lake Tributaries
Upper Klamath Lake 2018 Data Summary Report,2018,NA,Jacob Kann Ph.D.,Klamath Tribes,technical report,2018UKLDataSummaryReport_ver_7_9_2019.pdf,Upper Klamath Lake
Upper Klamath Lake Tributary Loading: 2018 Data Summary Report,2018,NA,Jacob Kann Ph.D.,Klamath Tribes,technical report,2018UKLTributaryLoadingSummaryReport_7-12-19_not2ap4.pdf,Upper Klamath Lake Tributaries
"Detecting the effect of water level fluctuations on water quality impacting endangered fish in a shallow, hypereutrophic lake using long-term monitoring data",2020,NA,"Jacob Kann Ph.D., Jeffrey D. Walker Ph.D.",Klamath Tribes,journal article,Kann_and_Walker 2020.pdf,Upper Klamath Lake
Evaluation of Water and Nutrient Balances for the Upper Klamath Lake Basin in Water Years 1992‐2010,1992,2010,"Jacob Kann Ph.D., Jeffrey D. Walker Ph.D., William W. Walker Jr. Ph.D.",Klamath Tribes,technical report,Kann&Walker_upperklamathlake_nutrientbudget_2012_appendix_Final,Upper Klamath Lake and Tributaries
Upper Klamath Lake monitoring program: preliminary analysis of status and trends for 1990-2009,1990,2009,"Alan Jassby Ph.D., Jacob Kann Ph.D.",Klamath Tribes,technical report,KlamathTribes_Jassby_Kann_status_trends_2010_Final.pdf,Upper Klamath Lake and Tributaries
Combined analyses of long-term (1990-2015) water quality and plankton dynamics of Upper Klamath Lake (Phase II),1990,2015,Jens M. Nielsen,Klamath Tribes,technical report,Phase_II_Plankton_report_ver_July_20_2018.pdf,Upper Klamath Lake
"Spatial and Temporal Nutrient Loading Dynamics in the Sprague River Basin, Oregon",2015,NA,"Jacob Kann Ph.D., Jeffrey D. Walker Ph.D., William W. Walker Jr. Ph.D.",Klamath Tribes,technical report,Sprague_River_Nutrient_Dynamics_20151229_final_compressed.pdf,Sprague River
"Water Quality of a Drained Wetland, Caledonia Marsh on",2009,,,USGS,technical report,sir20095025.pdf,
"Sediment Oxygen Demand in Upper Klamath and Agency Lakes, Oregon, 1999",1999,NA,Tamara M. Wood,USGS,technical report,USGS_Wood_1999.pdf,Upper Klamath Lake and Agency Lakes
"Effect of Water-Column pH on Sediment-Phosphorus Release Rates in Upper Klamath Lake, Oregon, 2001",2001,,"Lawrence H. Fisher, Tamara M. Wood",USGS,technical report,USGS_Fisher_and_Wood_2003.pdf,Upper Klamath Lake
"Water-Quality Conditions in Upper Klamath Lake, Oregon, 2002-04",2002,2004,"Tamara M. Wood, Gene R. Hoilman, Mary K. Lindenberg",USGS,technical report,USGS_Wood_et_al._2006.pdf,Upper Klamath Lake and Agency Lakes
"Evaluating the Potential for Watershed Restoration to Reduce Nutrient Loading to Upper Klamath Lake, Oregon",2007,NA,"Paul McCormick, Sharon G. Campbell",USGS,technical report,USGS_McCormick_and_Campbell_2007.pdf,Upper Klamath Lake
"Quantifying the Benthic Source of Nutrients to the Water Column of Upper Klamath Lake, Oregon",2007,NA,"James S. Kuwabara, Dennis D. Lynch, Brent R. Topping, Fred Murphy, James L. Carter, Nancy S. Simon, Francis Parchaso, Tamara M. Wood, Mary K. Lindenberg, Katryn Wiese, Ronald J. Avanzino",USGS,technical report,USGS_Kuwabara_et_al._2007.pdf,Upper Klamath Lake
"Water Quality Conditions in Upper Klamath and Agency Lakes, Oregon, 2006",2006,NA,"Mary K. Lindenberg, Gene Hoilman, Tamara M. Wood",USGS,technical report,USGS_Lindenberg_et_al._2008.pdf,Upper Klamath Lake and Agency Lakes
"Water Quality Conditions in Upper Klamath and Agency Lakes, Oregon, 2005",2005,NA,"Gene R. Hoilman, Mary K. Lindenberg,  Tamara M. Wood",USGS,technical report,USGS_Hoilman_et_al._2008.pdf,Upper Klamath Lake and Agency Lakes
"Water Quality of a Drained Wetland, Caledonia Marsh on Upper Klamath Lake, Oregon, after Flooding in 2006",2006,NA,"Mary K. Lindenberg, Tamara M. Wood",USGS,technical report,USGS_Lindenberg_and_Wood_2009.pdf,Upper Klamath Lake
"Hydrologic and Water-Quality Conditions During Restoration of the Wood River Wetland Upper Klamath River Basin, Oregon, 2003–05",2003,2005,"Kurt D. Carpenter, Daniel T. Snyder, John H. Duff, Frank J. Triska, Karl K. Lee, Donald J. Avanzino, Steven Sobieszczyk",USGS,technical report,USGS_Carpenter_et_al._2009.pdf,Upper Klamath Lake
UPPER KLAMATH BASIN NUTRIENT-LOADING STUDY Estimate of Wind-Induced Resuspension of Bed Sediment During Periods of Low Lake Elevation,1996,NA,"Antonius Laenen, A.P. LeTourneau",USGS,technical report,USGS_Laenen_and_Letourneau_1996.pdf,Upper Klamath Lake
"A Review of Possible Causes of Nutrient Enrichment and Decline of Endangered Sucker Populations in Upper Klamath Lake, Oregon",1993,NA,"Gilbert C. Bortleson, Marvin O. Fretwell",USGS,technical report,USGS_Bortleson_and_Fretwell_1993.pdf,Upper Klamath Lake
"Use of Acoustic Backscatter and Vertical Velocity to Estimate Concentration and Dynamics of Suspended Solids in Upper Klamath Lake, South-Central Oregon: Implications for Aphanizomenon flos-aquae",2010,NA,"Tamara M. Wood, Jeffrey W. Gartner",USGS,technical report,USGS_Wood_and_Gartner_2010.pdf,Upper Klamath Lake
"Physical and Chemical Characteristics Including Total and Geochemical Forms of Phosphorus in Sediment from the Top 30 Centimeters of Cores Collected in October 2006 at26 Sites in Upper Klamath Lake, Oregon",2006,NA,"Nancy S. Simon, Sarah N. Ingle",USGS,technical report,USGS_Simon_and_Ingle_2011.pdf,Upper Klamath Lake
"Water-Quality Data from Upper Klamath and Agency Lakes, Oregon, 2007–08",2007,2008,"Kristofor E. Kannarr, Dwight Q. Tanner, Mary K. Lindenberg, Tamara M. Wood",USGS,technical report,USGS_Kannarr_et_al._2010.pdf,Upper Klamath Lake and Agency Lakes
"Water-Quality Data from Upper Klamath and Agency Lakes, Oregon, 2009–10",2009,2010,"Blake Eldridge, Sara L. Caldwell Eldridge, Liam N. Schenk, Dwight Q. Tanner, Tamara M. Wood",USGS,technical report,USGS_Eldridge_et_al._2012.pdf,Upper Klamath Lake and Agency Lakes
"Evapotranspiration from Wetland and Open-Water Sites at Upper Klamath Lake, Oregon, 2008–2010",2008,2010,"David I. Stannard, Marshall W. Gannett, Danial J. Polette, U.S. Geological Survey; Jason M. Cameron, Bureau of Reclamation; M. Scott Waibel, U.S. Geological Survey; J. Mark Spears, Bureau of Reclamation",USGS,technical report,USGS_Stannard_et_al._2013.pdf,Upper Klamath Lake
"Revision and Proposed Modification of a Total Maximum Daily Load Model for Upper Klamath Lake, Oregon",2015,NA,"Susan A. Wherry, Tamara M. Wood, Chauncey W. Anderson",USGS,technical report,USGS_Wherry_et_al._2015.pdf,Upper Klamath Lake
"Geomorphology and Flood-Plain Vegetation of the Sprague and Lower Sycan Rivers, Klamath Basin, Oregon",2014,NA,"Jim E. O’Connor, Patricia F. McDowell, Pollyanna Lind, Christine G. Rasmussen, Mackenzie K. Keith",USGS,technical report,USGS_OConnor_et_al._2015.pdf,"Sprague River, Lower Sycan Rivers"
"Benthic Processes Affecting Contaminant Transport in Upper Klamath Lake, Oregon",2016,NA,"James S. Kuwabara, Brent R. Topping, James L. Carter, Rick A. Carlson, Francis Parchaso, Steven V. Fend, Natalie Stauffer-Olsen, Andrew J. Manning, Jennie M. Land",USGS,technical report,USGS_Kuwabara_et_al._2016.pdf,Upper Klamath Lake
"Review of Revised Klamath River Total Maximum Daily Road Models from Link River Dam to Keno Dam, Oregon",2013,NA,"Stewart A. Rounds, Annett B. Sullivan",USGS,technical report,USGS_Rounds_and_Sullivan_2013.pdf,Klamath River
"Using High-Throughput DNA Sequencing, Genetic Fingerprinting, and Quantitative PCR as Tools for Monitoring Bloom-Forming and Toxigenic Cyanobacteria in Upper Klamath Lake, Oregon, 2013 and 2014",2013,2014,"Sara L. Caldwell Eldridge, Connor Driscoll, Theo W. Dreher",USGS,technical report,USGS_Caldwell_Eldridge_et_al._2017.pdf,Upper Klamath Lake
Hydrologic Regime Controls Soil Phosphorus Fluxes in Restoration and Undisturbed Wetlands,2005,NA,"Allison Aldous, Paul McCormick, Chad Ferguson, Sean Graham, and Chris Craft",TNC,journal article,Aldous et al 2005.pdf,Upper Klamath Lake
Effects of Tubificid Worm Bioturbation on Freshwater Sediment Biogeochemistry,2012,NA,"P. Anschutz, A. Ciutat, P. Lecroart, M. Ge´rino, A. Boudou",CNRS,journal article,Anschutz et al. 2012.pdf,NA
"PRELIMINARY RESEARCH ON APHANIZOMENON FLOS-AQUAE AT UPPER KLAMATH LAKE, OREGON",2005,NA,"Aquatic Scientific Resources Wetland Research Consortium Portland, OR",USFWS,technical report,Aquatic Scientific Resources 2005.pdf,Upper Klamath Lake
"PRELIMINARY RESEARCH ON APHANIZOMENON FLOS-AQUAE AT UPPER KLAMATH LAKE, OREGON",2004,NA,"Aquatic Scientific Resources Wetland Research Consortium Portland, OR",USFWS,technical report,ASR 2004.pdf,Upper Klamath Lake
The importance of benthic recruitment to the population development of Aphanizomenon flos-aquae and internal loading in a shallow lake,1994,NA,"Richard P. Barbiero, Jacob Kann",USFWS,journal article,Barbiero and Kann 1994.pdf,Upper Klamath Lake
"A Review of Possible Causes of Nutrient Enrichment and Decline of Endangered Sucker Populations in Upper Klamath Lake, Oregon",1993,NA,"Gilbert C. Bortleson, Marvin O. Fretwell",USGS,technical report,Bortleson and Fretwell 1993.pdf,Upper Klamath Lake
Upper Klamath Lake Drainage Total Maximum Daily Load (TMDL) and Water Quality Management Plan (WQMP),2002,NA,"Matthew Boyd, Steve Kirk, Mike Wiltsey, Brian Kasper",DEQ,TMDL,Boyd et al. 2002.pdf,Upper Klamath Lake
"Limnological and climatic environments at Upper Klamath Lake, Oregon during the past 45 000 years",2003,NA,"J. Platt Bradbury, Steven M. Colman, Walter E. Dean",USGS,journal article,Bradbury et al. 2004a.pdf,Upper Klamath Lake
"The history of recent limnological changes and human impact on Upper Klamath Lake, Oregon",2003,NA,"J. Platt Bradbury, Steven M. Colman, Walter E. Dean",USGS,journal article,Bradbury et al. 2004b.pdf,Upper Klamath Lake
"A Selected Bibliography of Water Related Research in the Upper Klamath Basin, Oregon",1995,NA,"Dorie L. Brownell, Mia R. Rinallo",USGS,technical report,Brownell and Rinallo 1995.pdf,Upper Klamath Lake
WOOD RIVER WETLAND MONITORING REPORT,2003,2005,BLM,BLM,technical report,Bureau of Land Management 2005.pdf,Wood River
Competitive Inhibition for Amino Acid Uptake by the Indigenous Microflora of Upper Klamath Lake,1972,NA,"B. KENT BURNISON, RICHARD Y. MORITA",OSU,journal article,Burnison and Morita 1973.pdf,Upper Klamath Lake
"Environmental Research in the Klamath Basin, Oregon 1991 Annual Report",1993,NA,"S.G. Campbell, W.J. Ehinger",USBR,technical report,Campbell and Ehinger 1993.pdf,Klamath Basin
"Environmental Research in the Klamath Basin, Oregon 1992 Annual Report",1993,NA,"S.G. Campbell, W.J. Ehinger",USBR,technical report,Campbell et al. 1993.pdf,Klamath Basin
"Chapter 6 - The evaluation of wetland changes around upper klamath lake, oregon using multitemporal remote sensing techniques",1993,NA,J.R. Carlson,USBR,technical report,Carlson 1993.pdf,Upper Klamath Lake
"Hydrologic and Water-Quality Conditions During Restoration of the Wood River Wetland, Upper Klamath River Basin, Oregon, 2003–05",2009,NA,"Kurt D. Carpenter, Daniel T. Snyder, John H. Duff, Frank J. Triska, Karl K. Lee, Ronald J. Avanzino, Steven Sobieszczyk","USFWS, USBR",technical report,Carpenter et al. 2009.pdf,Upper Klamath Basin
Analysis of the Distribution and Stability of Existing Marsh Vegetation Bordering Upper Klamath and Agency Lakes,1997,NA,David Chapin,EA,technical report,Chapin 1997.pdf,Upper Klamath Lake
"RELATIONSHIPS BETWEEN FLOOD FREQUENCIES AND RIPARIAN PLANT COMMUNITIES IN THE UPPER KLAMATH BASIN, OREGON",2002,NA,"David M. Chapin, Robert L. Beschta, Hsieh Wen Shen",OSU,journal article,Chapin et al. 2002.pdf,Upper Klamath Basin
"Modeling and Model Validation of Wind-Driven Circulation in Upper Klamath Lake, Oregon",2005,NA,"Ralph T. Cheng, Jeffrey W. Gartner, Tamara Wood",USGS,journal article,Cheng et al. 2005.pdf,Upper Klamath Lake
"Nineteenth-Century Vegetation of Williamson River Delta, Klamath County, Oregon",1996,NA,John A. Christy,NHP,technical report,Christy 1996.pdf,Williamson River Delta
"Nutrient and Sediment Transport on Flood-Irrigated Pasture in the Klamath Basin, Oregon",2010,NA,"D. Ciotti, S. M. Griffith, J. Kann, J. Baham",USFWS,journal article,Ciotti et al. 2010.pdf,Klamath Basin
"Chronology of sediment deposition in Upper Klamath Lake, Oregon",2003,NA,"Steven M. Colman, J. Platt Bradbury, John P. McGeehin, Charles W. Holmes, David Edginton, Andrei M. Sarna-Wojcicki",USGS,journal article,Colman et al. 2004(1).pdf,Upper Klamath Lake
"Paleolimnology and paleoclimate studies in Upper Klamath Lake, Oregon",2003,NA,"Steven M. Colman, J. Platt Bradbury, Joseph G. Rosenbaum",USGS,journal article,"Colman, Bradbury, and Rosenbaum 2004.pdf",Upper Klamath Lake
Natural Flow Estimates for Streams in the Klamath Basin,2004,NA,Richard M. Cooper,WRD,technical report,Cooper 2004.pdf,Klamath Basin
"Benthic Vertical Hydraulic Gradients in Upper Klamath Lake, Oregon, 2017",2020,NA,Nicholas T. Corson-Dosch,USGS,technical report,Corson-Dosch 2020.pdf,Upper Klamath Lake
"Hydrogeology of the Williamson River basin, Upper Klamath Basin, Klamath County, Oregon",2007,NA,Michael L. Cummings,UFWS,technical report,Cummings 2007.pdf,Upper Klamath Basin
Lower Williamson River Floodplain and Delta Restoration: Hydraulic Modeling,2004,NA,"Joseph A. Daraio, Timothy J. Randle, Leslie B. Bach",USBR,technical report,Daraio et al. 2004.pdf,Lower Williamson River
Upper Klamath Basin Watershed Assessment Strategy,2004,NA,David Evans and Associates,KBEF,technical report,David Evans and Associates 2004.pdf,Upper Klamath Basin
Upper Klamath Lake Watershed Assessment,2010,NA,David Evans and Associates,KWP,watershed assessment,David Evans and Associates 2010.pdf,Upper Klamath Lake
Restoring Oregon’s Upper Klamath Sub-Basin: Guidance from Past-Project Evaluations,2013,NA,Carolyn M. Doehring,UCB,technical report,Doehring 2013.pdf,Upper Klamath Basin
Satellite Mapping of Chlorophyll in Upper Klamath Lake,2002,NA,Larry Dunsmoor,Klamath Tribes,technical report,Dunsmoor 2002.pdf,Upper Klamath Lake
"Timing, Duration, and Distribution of Potential Chinook Salmon Spawning and Emergence in Relation to Thermal Regime in the Sprague River Subbasin, Oregon",2012,NA,Larry Dunsmoor,Klamath Tribes,technical report,Dunsmoor 2009.pdf,Sprague River
Upper Sprague Watershed Assessment,2007,NA,"K.U. Snyder, R.B. Raymond, T.J. Sullivan, D.L. Moore, T. McDonnell, D. Vesely, M. Connelly, L. Lyons",KBEF,watershed assessment,E&S Environmental 2007.pdf,Sprague River
Experimental Studies of the Effects of Nutrients and Daphnia Grazing on Phytoplankton Biomass and Growth in a Hypertrophic Lake,1992,NA,William James Ehinger,UNC,technical report,Ehlinger 1992.pdf,Agency Lake
Initial Application of the QUAL2Kw Water Quality Model to the Sprague River,2006,NA,Joseph Eilers and Benn Eilers,Klamath Tribes,technical report,Eilers and Eilers 2006.pdf,Sprague River
"Recent Paleolimnology of Upper Klamath Lake, Oregon",2001,NA,"J. Eilers, J. Kann, J. Cornett, K. Moser, A. St. Amand, C. Gubala",USBR,technical report,Eilers et al. 2001.pdf,Upper Klamath Lake
"Paleolimnological evidence of change in a shallow, hypereutrophic lake:  Upper Klamath Lake, Oregon, USA",2004,NA,"J. Eilers, J. Kann, J. Cornett, K. Moser, A. St. Amand",MaxDepth Aquatics,technical report,Eilers et al. 2004.pdf,Upper Klamath Lake
"Water-Quality Data from Upper Klamath and Agency Lakes, Oregon, 2009–10",2012,NA,"D. Blake Eldridge, Sara L. Caldwell Eldridge, Liam N. Schenk, Dwight Q. Tanner, Tamara M. Wood",USGS,technical report,Eldridge et al. 2012.pdf,"Upper Klamath Lake, Agency Lake"
"Microcystins, nutrient dynamics, and other environmental factors during blooms of nonmicrocystin-producing Aphanizomenon flos-aquae in Upper Klamath Lake, Oregon, 2009",2013,NA,"Sara L. Caldwell Eldridge , Tamara M. Wood , Kathy R. Echols, Brent R. Topping",USGS,journal article,Eldridge et al. 2013.pdf,Upper Klamath Lake
"Statistical Analysis of the Water-Quality Monitoring Program, Upper Klamath Lake, Oregon, and Optimization of the Program for 2013 and Beyond",2014,NA,"Sara L. Caldwell Eldridge, Susan A. Wherry, Tamara M. Wood",USGS,technical report,Eldridge et al. 2014.pdf,Upper Klamath Lake
"Using High-Throughput DNA Sequencing, Genetic Fingerprinting, and Quantitative PCR as Tools for Monitoring Bloom-Forming and Toxigenic Cyanobacteria in Upper Klamath Lake, Oregon, 2013 and 2014",2017,NA,"Sara L. Caldwell Eldridge, Connor Driscoll, Theo W. Dreher",USGS,technical report,Eldridge et al. 2017.pdf,Upper Klamath Lake
Williamson River Delta Restoration Project Vegetation Technical Report,2004,NA,Adrien Elseroad,TNC,technical report,Elseroad 2004.pdf,Williamson River Delta
WILLIAMSON RIVER DELTA PRESERVE WETLAND VEGETATION MONITORING 2000-2004,2006,NA,"Adrien Elseroad, Allison Aldous, Carla Stevens, Leslie Bach",TNC,technical report,Elseroad et al. 2006.pdf,Williamson River Delta
Upper Williamson River Watershed Assessment,2005,NA,David Evans and Associates,KBEF,watershed assessment,Evans and Associates 2005.pdf,Upper Williamson River
"Effect of Water-Column pH on Sediment-Phosphorus Release Rates in Upper Klamath Lake, Oregon, 2001",2004,NA,"LAWRENCE H. FISHER, TAMARA M. WOOD",USBR,technical report,Fisher and Wood 2004.pdf,Upper Klamath Lake
Horizontal Zonation of Water Quality in Hanks Marsh,1996,NA,Margaret G. Forbes,NBS,technical report,Forbes 1996.pdf,Upper Klamath Lake
Selected Water Quality Dynamics and Horizontal Zonation of Water Quality in Hanks Marsh,1998,NA,"Margaret G. Forbes, James J. Sartoris, David Sisneros","HSU, USGS",technical report,Forbes et al. 1998.pdf,Upper Klamath Lake
Field Studies on Sediment-Water Algal Nutrient Interchange Processes and Water Quality of Upper Klamath and Agency Lakes,1969,NA,A.R. Gahler,FWPCA,technical report,Gahler 1969.pdf,"Upper Klamath Lake, Agency Lake"
Sediment-Water Nutrient Interchange,1969,NA,A.R. Gahler,FWPCA,technical report,Gahler 1969a.pdf,NA
Watershed Strategies for Improving Water Quality,1995,NA,"Robert A. Gearheart, Jeffrey K. Anderson, Margaret George Forbes, Mark Osburn, Daniel Oros",HSU,technical report,Gearheart et al. 1995.pdf,Upper Klamath Lake
Reassociating wetlands with Upper Klamath Lake to improve water quality,2001,NA,N. S. GEIGER,Shapiro and Associates,technical report,Geiger 2001.pdf,Upper Klamath Lake
"FORMS AND ACCUMULATION OF SOIL P IN NATURAL AND RECENTLY RESTORED PEATLANDS-UPPER KLAMATH LAKE, OREGON, USA",2005,NA,"Sean A. Graham, Christopher B. Craft, Paul V. McCormick, Allison Aldous","Indiana Univerisity, USGS, TNC, LSU",journal article,Graham et al. 2005.pdf,Upper Klamath Lake
"Suppression of cyanobacterial growth of Aphanizomenon flos-aquae by vascular plant decomposition products in Upper Klamath Lake, Oregon",2013,NA,"Kale G. Haggard, N. Stan Geiger, Patrick M. Hayes, Allen J. Milligan","OSU, Aquatic Scientific Resources",journal article,Haggard et al. 2013,Upper Klamath Lake
"Development of an Interactive Shoreline Management Tool for the Lower Wood River Valley, Oregon, Phase I: Stage–Volume and Stage–Area Relations",2007,NA,"Tana L. Haluska, Daniel T. Snyder",USGS,technical report,Haluska and Snyder 2007.pdf,Wood River Valley
Bacteria- Phosphate Intera ctions in Upper Klamath Lake Sediments,1970,NA,Michael John Harrison,OSU,technical report,Harrison 1970.pdf,Upper Klamath Lake
Method for Measuring Mineralization in Lake Sediments,1971,NA,"MICHAEL J. HARRISON, RICHARD T. WRIGHT, RICHARD Y. MORITA",OSU,journal article,Harrison et al 1971.pdf,NA
SOLUBILIZATION OF INORGANIC PI-IOSPHATES BY BACTERIA ISOLATED FROM UPPER KLAMATH LAKE SEDIMENT,1972,NA,"Michael J. Harrison, Robert E. Pacha, Richard Y. Morita",OSU,journal article,Harrison et al. 1972.pdf,Upper Klamath Lake
"Comparison of Historical Streamflows to 2013 Streamflows in the Williamson, Sprague, and Wood Rivers, Upper Klamath Lake Basin, Oregon",2014,NA,"Glen W. Hess, Adam Stonewall",USGS,technical report,Hess and Stonewall 2014.pdf,Upper Klamath Lake Basin
"Water Quality Conditions in Upper Klamath and Agency Lakes, Oregon, 2005",2008,NA,"Gene R. Hoilman, Mary K. Lindenberg, Tamara M. Wood","USGS, USBR",technical report,Hoilman et al. 2008.pdf,"Upper Klamath Lake, Agency Lake"
"A Risk Assessment for Low Dissolved Oxygen in Klamath Lake, Oregon",2005,NA,"Michael J. Horn Ph.D., Davine Lieberman",USBR,technical report,Horn and Lieberman 2005.pdf,Klamath Lake
KLAMATH LAKE PRELIMINARY ASSESSMENT OF SURFACE ELEVATION AND WATER QUALITY,1995,NA,"Alan D. Jassby Ph.D., Charles R. Goldman Ph.D.",ERA,technical report,Jassby and Goldman 1995.pdf,Klamath Lake
Upper Klamath Lake monitoring program: preliminary analysis of status and trends for 1990-2009,2010,NA,"Alan Jassby Ph.D., Jacob Kann Ph.D.","UCD, AES",technical report,Jassby and Kann 2010.pdf,Upper Klamath Lake
LAKE AND RIVER LIMNOLOGY,1988,NA,Jacob Kann,Klamath Tribes,technical report,Kann 1988.pdf,Upper Klamath Lake Basin
"CHAPTER 4 - AGENCY LAKE LIMNOLOGY, 1990-91 USBR - KLAMATH TR!BES COOPERATIVE STUDIES",1993,NA,Jacob Kann,Klamath Tribes,technical report,Kann 1993a.pdf,Agency Lake
"CHAPTER 3 - LlMNOLOGICAL TRENDS IN AGENCY LAKE, OREGON -1992",1993,NA,Jacob Kann,Klamath Tribes,technical report,Kann 1993b.pdf,Agency Lake
ECOLOGY AND WATER QUALITY DYNAMICS OF A SHALLOW HYPEREUTROPIC LAKE DOMINATED BY CYANOBACTERIA,1997,NA,Jacob Kann,UNC,technical report,Kann 1997.pdf,Upper Klamath Lake
"Trend in Upper Klamath Lake Total Phosphorus Concentration During Spring (March-May), 1991-2000.",2001,NA,Jacob Kann,AES,technical report,Kann 2001.pdf,Upper Klamath Lake
Nutrient loading and concentration dynamics in the Sevenmile Creek system – 2019,2020,NA,Jacob Kann,AES,technical report,Kann 2020.pdf,Sevenmile Creek
Estimating the probability of exceeding elevated pH values critical to fish populations in a hypereutrophic lake,1999,NA,"Jacob Kann, Val H. Smith","AES, KU",journal article,Kann and Smith 1999.pdf,NA
"Detecting the effect of water level fluctuations on water quality impacting endangered fish in a shallow, hypereutrophic lake using long-term monitoring data",2020,NA,"Jacob Kann, Jeffrey D. Walker","AES, Walker Environmental Research",journal article,Kann and Walker 2020.pdf,NA
"NUTRIENT AND HYDROLOGIC LOADING TO UPPER KLAMATH LAKE, OREGON, 1991-1998",1999,NA,"Jacob Kann, William W. Walker","Klamath Tribes, USBR",journal article,Kann and Walker1999.pdf,Upper Klamath Lake
"Wind Control on Water Quality in Shallow, Hypereutrophic Upper Klamath Lake, Oregon",2005,NA,"Jacob Kann, Eugene B. Welch","AES, Tetra Tech",journal article,Kann and Welch 2005.pdf,Upper Klamath Lake
Standardization and Initial Analysis of 1990-2013 Phytoplankton and Zooplankton Data for Upper Klamath Lake (Phase I),2015,NA,"Jacob Kann, J. Eli Asarian, Ann St. Amand","AES, Riverbend Sciences, PhycoTech",technical report,Kann et al. 2015.pdf,Upper Klamath Lake
"Water-Quality Data from Upper Klamath and Agency Lakes, Oregon, 2007–08",2010,NA,"Kristofor E. Kannarr, Dwight Q. Tanner, Mary K. Lindenberg, Tamara M. Wood",USGS,technical report,Kannarr et al. 2010.pdf,"Upper Klamath Lake, Agency Lake"
Upper Klamath Lake Surface Water Field Sampling,2017,NA,"Knight, Kirk, Jackson, Skinner",Klamath Tribes,technical report,Klamath Tribe 2017 UKL SOP.pdf,Upper Klamath Lake
Tributary Field Sampling,2016,NA,"Spoonemore, Knight, Jackson, Kirk, Skinner",Klamath Tribes,technical report,Klamath Tribes 2016 Field Sampling SOP.pdf,"Sprague River, Wood River"
"Processing, Preparation and Preservation of Field Samples",2016,NA,Spoonemore,Klamath Tribes,technical report,Klamath Tribes 2016 SOP Processing Field Samples.pdf,NA
Klamath Tribes Quality Assurance Project Plan (QAPP),2019,NA,Craig Spoonemore,Klamath Tribes,technical report,Klamath Tribes QAAP 2019.pdf,NA
"Quantifying the Benthic Source of Nutrients to the Water Column of Upper Klamath Lake, Oregon",2007,NA,"James S. Kuwabara, Dennis D. Lynch, Brent R. Topping, Fred Murphy, James L. Carter, Nancy S. Simon, Francis Parchaso, Tamara M. Wood, Mary K. Lindenberg, Katryn Wiese, Ronald J. Avanzino",USGS,technical report,Kuwabara et al. 2007.pdf,Upper Klamath Lake
"BENTHIC NUTRIENT SOURCES TO HYPEREUTROPHIC UPPER KLAMATH LAKE, OREGON, USA",2009,NA,"JAMES S. KUWABARA, BRENT R. TOPPING, DENNIS D. LYNCH, JAMES L. CARTER, HEDEFF ESSAID",USGS,journal article,Kuwabara et al. 2009.pdf,Upper Klamath Lake
"Benthic Processes Affecting Contaminant Transport in Upper Klamath Lake, Oregon",2016,NA,"James S. Kuwabara, Brent R. Topping, James L. Carter, Rick A. Carlson, Francis Parchaso, Steven V. Fend, Natalie Stauffer-Olsen, Andrew J. Manning, Jennie M. Land",USGS,technical report,Kuwabara et al. 2016.pdf,Upper Klamath Lake
UPPER KLAMATH BASIN NUTRIENT-LOADING STUDY— Estimate of Wind-Induced Resuspension of Bed Sediment During Periods of Low Lake Elevation,1996,NA,"Antonius Laenen, A.P. LeTourneau",USGS,technical report,Laenen and Letourneau 1996.pdf,Upper Klamath Basin
An Assessment of the Effects of Klamath Marsh On Water Rights Above and Below Klamath Marsh,1999,NA,Jonathan L. La Marche,NA,technical report,LaMarche 1999.pdf,Klamath Marsh
"Physical, Chemical, and Biological Characteristics of Upper Klamath Lake, Oregon During Summer 2002",2003,NA,"D.M. Lieberman, A. Montano, G.C. Holdren",USBR,technical report,Lieberman et al. 2003.pdf,Upper Klamath Lake
"Water Quality of a Drained Wetland, Caledonia Marsh on Upper Klamath Lake, Oregon, after Flooding in 2006",2009,NA,"Mary K. Lindenberg, Tamara M. Wood",USGS,technical report,Lindenberg and Wood 2009.pdf,Caledonia Marsh
"pb Geochronology and Trace Metal Concentrations of Sediments from Upper Klamath Lake and Lake Euwana, Oregon",1981,NA,"E.A. Martin, C.A. Rice",USGS,journal article,Martin and Rice 1981.pdf,"Upper Klamath Lake, Lake Euwana"
"ANALYSIS OF WOOD RIVER STREAMFLOW, WATER YEARS 1991-1997",1997,NA,Graham Matthews,NA,technical report,Matthews 1997.pdf,Wood River
2005 PROJECT MONITORING REPORT,2006,NA,Graham Matthews & Associates,Graham Matthews & Associates,technical report,Matthews and Associates 2006.pdf,"Wood River, Sevenmile, Fourmile"
"SPRAGUE RIVER WATERSHED: STREAMFLOW, SEDIMENT TRANSPORT AND A PRELIMINARY SEDIMENT BUDGET, WY2004-2006",2007,NA,Graham Matthews & Associates,Graham Matthews & Associates,technical report,Matthews and Associates 2007.pdf,Sprague River
DRAFT 2006 PROJECT MONITORING REPORT,2007,NA,Graham Matthews & Associates,Graham Matthews & Associates,technical report,Matthews and Associates 2007b.pdf,"Wood River, Sevenmile, Fourmile"
FOURMILE-SEVENMILE RESTORATION ASSESSMENT PROJECT,2009,NA,Graham Matthews & Associates,Graham Matthews & Associates,technical report,Matthews and Associates 2009.pdf,"Sevenmile, Fourmile"
WOOD RIVER VALLEY TREATMENT WETLAND ASSESSMENT PROJECT,2010,NA,Graham Matthews & Associates,Graham Matthews & Associates,technical report,Matthews and Associates 2010.pdf,Wood River
2007-2010 PROJECT MONITORING REPORT,2011,NA,Graham Matthews & Associates,Graham Matthews & Associates,technical report,Matthews and Associates 2011.pdf,"Wood River, Sevenmile"
2007-2010 KBRT MONITORING REPORT,2011,NA,Graham Matthews & Associates,Graham Matthews & Associates,technical report,Matthews and Associates 2011a.pdf,Sevenmile
2011 PROJECT MONITORING REPORT,2012,NA,Graham Matthews & Associates,Graham Matthews & Associates,technical report,Matthews and Associates 2012.pdf,"Wood River, Sevenmile"
2011 KBRT MONITORING REPORT,2012,NA,Graham Matthews & Associates,Graham Matthews & Associates,technical report,Matthews and Associates 2012a.pdf,Sevenmile
Unionized ammonia in restored wetlands at the Williamson River Delta,2007,NA,"Aaron Maxwell, Ross Egenolf, Kris Fischer, Heather Hendrixson, Matt Barry","TNC, Klamath Tribes",technical report,Maxwell et al. 2007.pdf,Williamson River Delta
Analysis of Trends and Changes in Upper Klamath Lake Hydroclimatology,2008,NA,Tim Mayer Ph.D.,USFWS,technical report,Mayer 2008.pdf,Upper Klamath Lake
Klamath Marsh Hydrology and Water Rights,2007,NA,"Tim Mayer, Fred Wurster, Dan Craver",USFWS,technical report,Mayer et al. 2007.pdf,Klamath Marsh
"Evaluating the Potential for Watershed Restoration to Reduce Nutrient Loading to Upper Klamath Lake, Oregon",2007,NA,"Paul McCormick, Sharon G. Campbell",USGS,technical report,McCormick and Campbell 2007.pdf,Upper Klamath Lake
"Guidance for Riparian Vegetation Response to Management Change, Sprague River Valley, Oregon",2009,NA,"Pat McDowell, Chris Massingill",UO,technical report,McDowell and Massingill 2009.pdf,Sprague River Valley
INTERIM REPORT UPPER KLAMATH LAKE STUDIES OREGON,1976,NA,"William E. Miller, Jerry C. Tash",FWPCA,technical report,Miller and Tash 1967.pdf,Upper Klamath Lake
"USE OF AQUATIC AND TERRESTRIAL PLANT DECOMPOSITION PRODUCTS FOR THE CONTROL OF APHANIZOMENON FLOS-AQUAE AT UPPER KLAMATH LAKE, OREGON",2009,NA,"Allen J. Milligan Ph.D., Patrick Hayes Ph.D., N. Stan Geiger, Maria Kavanaugh",OSU,technical report,Milligan et al. 2009.pdf,Upper Klamath Lake
"Relation Between Selected Water-Quality Variables, Climatic Factors, and Lake Levels in Upper Klamath and Agency Lakes, Oregon, 1990-2006",2007,NA,Jennifer L. Morace,USGS,technical report,Morace 2007.pdf,"Upper Klamath Lake, Agency Lake"
Evaluating Stream Restoration Projects in the Sprague River Basin,2012,NA,"NewFields River Basin Services, Dr. G. M. Kondolf",NA,technical report,NewFields and Kondolf 2012.pdf,Sprague River Basin
Combined analyses of long-term (1990-2015) water quality and plankton dynamics of Upper Klamath Lake (Phase II),2018,NA,"Jens M. Nielsen, Jacob Kann, Michael T. Brett","UW, Aquatic Ecosystem Sciences",technical report,Nielsen et al. 2018.pdf,Upper Klamath Lake
"Geomorphology and Flood-Plain Vegetation of the Sprague and Lower Sycan Rivers, Klamath Basin, Oregon",2015,NA,"Jim E. O’Connor, Patricia F. McDowell, Pollyanna Lind, Christine G. Rasmussen, and Mackenzie K. Keith",USGS,technical report,O'Connor et al. 2015.pdf,"Sprague, Lower Sycan Rivers"
Klamath Headwaters Agricultural Water Quality Management Area Plan,2019,NA,Oregon Department of Agriculture,Oregon Department of Agriculture,technical report,Oregon Department of Agriculture 2019.pdf,Klamath Headwaters
QUALITY OF KLAMATH BASIN WATERS IN OREGON,1964,NA,Oregon State Sanitary Authority,Oregon State Sanitary Authority,technical report,Oregon State Sanitory Authority 1964.pdf,Klamath Basin
"THE CHEMICAL AND BIOLOGICAL IMPACT OF KLAMATH MARSH ON THE WILLIAMSON RIYER, OREGON",1981,NA,"E. M. Perdue, C. R. Lytle, M. S. Sweet, J. W. Sweet",PSU,technical report,Perdue et al. 1981.pdf,Klamath Marsh
REPORT OF AQUATIC WEED SURVEY SUMMER 1955,1955,NA,"H. K. Phinney, J. L. McLachlan",OSU,technical report,Phinney and McLachlan 1955.pdf,NA
"KLAMATH LAKE, AN INSTANCE OF NATURAL ENRlCHMENT",1960,NA,"H. K. Phinney, CHESTER A. PEEK",OSU,technical report,Phinney and Peek 1960.pdf,Klamath Lake
A Survey of the Phytoplankton Problems in Klamath Lake,1959,NA,"H. K. Phinney, J. L. McLachlan",OSU,technical report,Phinney et al. 1959.pdf,Klamath Lake
Lower Sprague-Lower Williamson Watershed Assessment,2009,NA,"Andréa Rabe, Christopher Calonje",Rabe Consulting,technical report,Rabe and Calonje 2009.pdf,"Lower Sprague River, Lower Williamson River"
Upper Klamath Lake Basin Nutrient-Loading StudyAssessment of Historic Flows in the Williamson and Sprague Rivers,1999,NA,"JOHN C. RISLEY, ANTONIUS LAENEN",USGS,technical report,Risley and Laenen 1999.pdf,"Williamson River, Sprague River"
An Analysis of Statistical Methods for Seasonal Flow Forecasting in the Upper Klamath River Basin of Oregon and California,2005,NA,"John C. Risley, Marshall W. Gannett, Jolyne K. Lea, Edwin A. Roehl Jr.",USGS,technical report,Risley et al. 2005.pdf,Upper Klamath River Basin
"Using the Precipitation-Runoff Modeling System to Predict Seasonal Water Availability in the Upper Klamath River Basin, Oregon and California",2019,NA,John C. Risley,USGS,technical report,Risley et al. 2019.pdf,Upper Klamath River Basin
SYCAN RIVER ASSESSMENT AND RESTORATION FEASIBILITY STUDY,2007,NA,River Design Group,River Design Group,technical report,River Design Group 2007.pdf,Sycan River
"Review of Revised Klamath River Total Maximum Daily Load Models from Link River Dam to Keno Dam, Oregon",2013,NA,"Stewart A. Rounds, Annett B. Sullivan",USGS,technical report,Rounds and Sullivan 2013.pdf,Klamath River
Nutrient Loading in Klamath/Agency Lakes and Background Sources,1999,NA,Kenneth A. Rykbost,OSU,technical report,Rykbost 1999.pdf,"Klamath Lake, Agency Lake"
Nutrient Loading of Surface Waters in the Upper Klamath Basin: Agricultural and Natural Sources,2001,NA,"Kenneth A. Rykbost, Brian A. Charlton",OSU,technical report,Rykbost and Charlton 2001.pdf,Upper Klamath Basin
"SEDIMENTS AND SEDIMENT-WATER NUTRIENT INTERCHANGE IN UPPER KLAMATH LAKE, OREGON",1974,NA,"William D. Sanville, Charles F. Powers, Arnold R. Gahler",USEPA,technical report,Sanville et al. 1974.pdf,Upper Klamath Lake
"ENVIRONMENTAL RESEARCH IN THE KLAMATH BASIN, OREGON",1993,NA,S. G. Campbell,USBR,technical report,Sartoris et al. 1993a.pdf,Klamath Basin
"Evaluating External Nutrient and Suspended-Sediment Loads to Upper Klamath Lake, Oregon, Using Surrogate Regressions with Real-Time Turbidity and Acoustic Backscatter Data",2016,NA,"Liam N. Schenk, Chauncey W. Anderson, Paul Diaz, Marc A. Stewart",USGS,technical report,Schenk et al. 2016.pdf,Upper Klamath Lake
"Differentiating Sediment Sources Using Sediment Fingerprinting Techniques, in the Sprague River Basin, South-Central Oregon",2019,NA,"Liam N. Schenk, Tessa M. Harden, Julia K. Kelson",USGS,technical report,Schenk et al. 2019.pdf,Sprague River Basin
"Physical and Chemical Characteristics Including Total and Geochemical Forms of Phosphorus in Sediment from the Top 30 Centimeters of Cores Collected in October 2006 at 26 Sites in Upper Klamath Lake, Oregon",2011,NA,"Nancy S. Simon, Sarah N. Ingle",USGS,technical report,Simon and Ingle 2011.pdf,Upper Klamath Lake
Characterization of Cyanophyte Biomass in a Bureau of Reclamation Reservoir,2013,NA,"Nancy S. Simon, Ahmad Abdul Ali, Kyle Michael Samperton, Charles S. Korson, Kris Fischer, Michael L. Hughes",USGS,technical report,Simon et al. 2013.pdf,Upper Klamath Lake
"Restoration Plan for Wocus (Nuphar lutea polysepala) in Upper Klamath and Agency Lakes, Oregon",2016,NA,Megan M. Skinner,Klamath Tribes,technical report,Skinner 2016.pdf,Upper Klamath Basin
Klamath River Basin Water-Quality Data,2018,NA,"Cassandra D. Smith, Stewart A. Rounds, Leonard L. Orzol",USGS,fact sheet,Smith et al. 2018.pdf,Klamath River Basin
"Nitrogen and Phosphorus Loading from Drained Wetlands Adjacent to Upper Klamath and Agency Lakes, Oregon",1997,NA,"Daniel T. Snyder, Jennifer L. Morace",USGS,technical report,Snyder and Morace 1997.pdf,"Upper Klamath Lake, Agency Lake"
"Spectral Reflectance Measurements of a Microcystis Bloom in Upper Klamath Lake, Oregon",2007,NA,"B. B. Maruthi Sridhar, Robert K. Vincent",BGSU,journal article,Sridhar  and Vincent 2007.pdf,Upper Klamath Lake
"Evapotranspiration from Wetland and Open-Water Sites at Upper Klamath Lake, Oregon, 2008–2010",2013,NA,"David I. Stannard, Marshall W. Gannett, Danial J. Polette, Jason M. Cameron, M. Scott Waibel, J. Mark Spears",USGS,technical report,Stannard et al. 2013.pdf,Upper Klamath Lake
Some Cladocera and Copepoda from the Upper Klamath River Basin,1971,NA,Jerry C. Tash,University of Arizona,journal article,Tash 1971.pdf,Upper Klamath River Basin
"Water Quality Conditions on the Williamson River Delta, Oregon: One Year Post-Restoration",2009,NA,The Nature Conserancy,TNC,technical report,The Nature Conservancy 2009.pdf,Williamson River Delta
"POTENTIAL EUTROPIUCATION CONTROL MEASURES FOR UPPER KLAMATH LAKE, OREGON: DATA EVALUATION AND EXPERIMENTAL DESIGN",1982,NA,U.S. Army Corps of Engineers,USACE,technical report,U.S. Army Corps of Engineers 1982.pdf,Upper Klamath Lake
WOOD RIVER WETLAND MONITORING REPORT,2005,NA,U.S. Bureau of Land Management,USBR,technical report,US Bureau of Land Management 2005.pdf,Wood River
Using Wetlands to Prevent the Surface Accumulation of Aphanizomenon flos-aquae from Upper Klamath Lake,2018,NA,Arick Christopher Rouhe,PSU,technical report,Using Wetlands to Prevent the Surface Accumulation of _i_Aphanizo (1).pdf,Upper Klamath Lake
"A Nutrient-Balance Model for Agency Lake, Oregon",1995,NA,William W. Walker Jr. Ph.D.,NA,technical report,Walker 1995.pdf,Agency Lake
"Development of a Phosphorus TMDL for Upper Klamath Lake, Oregon",2001,NA,William W. Walker Jr. Ph.D.,NA,technical report,Walker 2001.pdf,Upper Klamath Lake
EVALUATION OF WATER AND NUTRIENT BALANCES FOR THE UPPER KLAMATH LAKE BASIN IN WATER YEARS 1992-2010,2012,NA,AQUATIC ECOSYSTEM SCIENCES,AQUATIC ECOSYSTEM SCIENCES,technical report,Walker et al. 2012.pdf,Upper Klamath Lake Basin
"SPATIAL AND TEMPORAL NUTRIENT LOADING DYNAMICS IN THE SPRAGUE RIVER BASIN, OREGON",2015,NA,"Jeffrey D. Walker PhD, Jacob Kann PhD, William W. Walker Jr. PhD",AQUATIC ECOSYSTEM SCIENCES,technical report,Walker et al. 2015.pdf,Sprague River Basin
"Revision and Proposed Modification of a Total Maximum Daily Load Model for Upper Klamath Lake, Oregon",2015,NA,"Susan A. Wherry, Tamara M. Wood, Chauncey W. Anderson",USGS,technical report,Wherry et al. 2015.pdf,Upper Klamath Lake
"A Metabolism-Based Whole Lake Eutrophication Model to Estimate the Magnitude and Time Scales of the Effects of Restoration in Upper Klamath Lake, South-Central Oregon",2018,NA,"Susan A. Wherry, Tamara M. Wood",USGS,technical report,Wherry et al. 2018.pdf,Upper Klamath Lake
"NUTRIENT CHARACTERISTICS OF STREAMS IN THE WILLIAMSON RIVER BASIN, OREGON, 1992-93: SUMMARY OF FINDINGS.",2000,NA,John S. Williams,USGS,technical report,Williams 2000.pdf,Williamson River Basin
Hydrodynamic Modeling of Upper Klamath Lake,2001,NA,Philip Williams & Associates,PWA,technical report,Williams and Associates 2001.pdf,Upper Klamath Lake
"Sediment Oxygen Demand in Upper Klamath and Agency Lakes, Oregon, 1999",2001,NA,TAMARA M. WOOD,USGS,technical report,Wood 2001.pdf,"Upper Klamath Lake, Agency Lake"
"Dependence of Flow and Transport through the Williamson River Delta, Upper Klamath Lake, Oregon, on Wind, River Inflow, and Lake Elevation",2012,NA,TAMARA M. WOOD,USGS,technical report,Wood 2012.pdf,Upper Klamath Lake
"USE OF UnTRIM TO INVESTIGATE DISSOLVED OXYGEN TRANSPORT IN UPPER KLAMATH LAKE, OREGON",2006,NA,"Tamara M. Wood, Ralph T. Cheng",Drexel University,technical report,Wood and Cheng 2006.pdf,Upper Klamath Lake
"Relation Between Selected Water-Quality Variables and Lake Level in Upper Klamath and Agency Lakes, Oregon",1996,NA,"TAMARA M. WOOD, GREGORY J. FUHRER, JENNIFER L. MORACE",USGS,technical report,Wood et al. 1996.pdf,"Upper Klamath Lake, Agency Lake"
"Water-Quality Conditions in Upper Klamath Lake, Oregon, 2002-04",2006,NA,"Tamara M. Wood, Gene R. Hoilman, Mary K. Lindenberg",USGS,technical report,Wood et al. 2006.pdf,Upper Klamath Lake
"Modeling Hydrodynamics and Heat Transport in Upper Klamath Lake, Oregon, and Implications for Water Quality",2008,NA,"Tamara M. Wood, Ralph T. Cheng, Jeffrey W. Gartner, Gene R. Hoilman, Mary K. Lindenberg, Roy E. Wellman",USGS,technical report,Wood et al. 2008.pdf,Upper Klamath Lake
"Technical Evaluation of a Total Maximum Daily Load Model for Upper Klamath Lake, Oregon",2013,NA,"Tamara M. Wood, Susan A. Wherry, James L. Carter, James S. Kuwabara, Nancy S. Simon, Stewart A. Rounds",USGS,technical report,Wood et al. 2013.pdf,Upper Klamath Lake